,title,sale price,original price,isprime
0,"Redmi 9A (Nature Green, 2GB RAM, 32GB Storage) | 2GHz Octa-core Helio G25 Processor | 5000 mAh Battery","6,999",,True
1,"Redmi 9 (Sky Blue, 4GB RAM, 64GB Storage) | 2.3GHz Mediatek Helio G35 Octa core Processor","9,499",,True
2,Redmi 9 Power (Mighty Black 4GB RAM 64GB Storage) - 6000mAh Battery |FHD+ Screen | 48MP Quad Camera | Alexa Hands-Free Capable,"11,499",,True
3,"Redmi Note 10 Pro (Dark Night, 6GB RAM, 128GB Storage) -120hz Super Amoled Display|64MPwith 5mp Super Tele-Macro","17,999",,True
4,"realme C11 (2021) (Cool Blue, 2GB RAM, 32GB Storage) with No Cost EMI/Additional Exchange Offers","7,299",,True
5,"OPPO A31 (Fantasy White, 6GB RAM, 128GB Storage) with No Cost EMI/Additional Exchange Offers","12,990",,True
6,"Redmi 9A (Midnight Black, 2GB RAM, 32GB Storage) | 2GHz Octa-Core Helio G25 Processor","6,999",,True
7,"Samsung Galaxy M12 (Blue,4GB RAM, 64GB Storage) 6000 mAh with 8nm Processor | True 48 MP Quad Camera | 90Hz Refresh Rate","11,499",,True
8,"Redmi 9 Power (Electric Green, 6GB RAM, 128GB Storage) - 6000mAh Battery|FHD+ Screen | 48MP Quad Camera | Snapdragon 662 Processor | Alexa Hands-Free Capable","13,499",,False
9,Redmi 9A (Sea Blue 2GB RAM 32GB Storage) | 2GHz Octa-core Helio G25 Processor | 5000 mAh Battery,"6,999",,True
10,"Redmi 9 (Carbon Black, 4GB RAM, 64GB Storage) | 2.3GHz Mediatek Helio G35 Octa core Processor","9,499",,True
11,"Samsung Galaxy M12 (Blue,6GB RAM, 128GB Storage) 6 Months Free Screen Replacement for Prime","13,499",,True
12,"Samsung Galaxy M21 2021 Edition (Arctic Blue, 4GB RAM, 64GB Storage) | FHD+ sAMOLED | 6 Months Free Screen Replacement for Prime","12,999",,True
13,"Redmi 9 Prime (Sunrise Flare, 4GB RAM, 64GB Storage)- Full HD+ Display & AI Quad Camera","10,499",,True
14,"realme C11 (2021) (Cool Grey, 2GB RAM, 32GB Storage) with No Cost EMI/Additional Exchange Offers","7,299",,True
15,"Tecno Spark 7T(Jewel Blue, 4GB RAM, 64GB Storage) 6000 mAh Battery| 48 MP AI Dual Rear Camera","9,499",,True
16,"Nokia C01 Plus 4G, Android 11 (Go Edition), 5.45‚Äù HD+ Screen, Dual SIM, 2GB RAM/16GB Storage | Blue","5,999",,True
17,Need help?,,,False
